-- phpMyAdmin SQL Dump
-- version 5.2.1
-- https://www.phpmyadmin.net/
--
-- Host: 127.0.0.1
-- Generation Time: Mar 03, 2024 at 10:22 PM
-- Server version: 10.4.32-MariaDB
-- PHP Version: 8.0.30

SET SQL_MODE = "NO_AUTO_VALUE_ON_ZERO";
START TRANSACTION;
SET time_zone = "+00:00";

CREATE Database sa_testdb;


/*!40101 SET @OLD_CHARACTER_SET_CLIENT=@@CHARACTER_SET_CLIENT */;
/*!40101 SET @OLD_CHARACTER_SET_RESULTS=@@CHARACTER_SET_RESULTS */;
/*!40101 SET @OLD_COLLATION_CONNECTION=@@COLLATION_CONNECTION */;
/*!40101 SET NAMES utf8mb4 */;

--
-- Database: `sa_testdb`
--

-- --------------------------------------------------------

--
-- Table structure for table `categories`
--
USE sa_testdb;


CREATE TABLE `categories` (
  `CategoryID` int(11) NOT NULL,
  `CategoryName` varchar(255) DEFAULT NULL
) ENGINE=InnoDB DEFAULT CHARSET=utf8 COLLATE=utf8_general_ci;

--
-- Dumping data for table `categories`
--

INSERT INTO `categories` (`CategoryID`, `CategoryName`) VALUES
(1, 'อยู่ดีมีสุข'),
(2, 'ศาสตร์แห่งผู้ประกอบการ'),
(3, 'ภาษากับการสื่อสาร'),
(4, 'พลเมืองไทยและพลเมืองโลก'),
(5, 'สุนทรียศาสตร์'),
(6, 'IT');

-- --------------------------------------------------------

--
-- Table structure for table `courses`
--

CREATE TABLE `courses` (
  `CourseID` varchar(255) NOT NULL,
  `CourseName` varchar(255) DEFAULT NULL,
  `CreditHours` int(11) DEFAULT NULL,
  `CategoryID` int(11) DEFAULT NULL
) ENGINE=InnoDB DEFAULT CHARSET=utf8 COLLATE=utf8_general_ci;

--
-- Dumping data for table `courses`
--

INSERT INTO `courses` (`CourseID`, `CourseName`, `CreditHours`, `CategoryID`) VALUES
('01001317', 'ผู้นํากับการพัฒนาภาคการเกษตร์', 3, 4),
('01005101', 'เทคโนโลยีเกษตรสมัยใหม่', 3, 2),
('01007101', 'พืชสวนเพื่อคุณภาพชีวิตและสิ่งแวดล้อม', 2, 5),
('01009102', 'มนุษย์และทรัพยากรธรรมชาติ', 3, 4),
('01015202', 'เกษตรวิถีไทย', 3, 4),
('01101101', 'เศรษฐศาสตร์ทั่วไปในกระแสโลกาภิวัตน์', 3, 2),
('01131111', 'การเงินสําหรับผู้ประกอบการ', 3, 2),
('01173151', 'เอดส์ศึกษา', 2, 1),
('01174123', 'ค่ายพักแรมนันทนาการ', 2, 1),
('01174231', 'นันทนาการเบื้องต้น', 2, 1),
('01175111', 'กรีฑาลู่-ลาน เพื่อสุขภาพ', 1, 1),
('01175112', 'แบดมินตันเพื่อสุขภาพ', 1, 1),
('01175113', 'เทนนิสเพื่อสุขภาพ', 1, 1),
('01175114', 'เทเบิลเทนนิสเพื่อสุขภาพ', 1, 1),
('01175115', 'ฝึกสมาธิด้วยกิจกรรมยิงปืน', 1, 1),
('01175117', 'ฝึกสมาธิด้วยกิจกรรมยิงธนู', 1, 1),
('01175118', 'แชร์บอลเพื่อสุขภาพ', 1, 1),
('01175119', 'เปตองเพื่อสุขภาพ', 1, 1),
('01175121', 'บาสเกตบอลเพื่อสุขภาพ', 1, 1),
('01175122', 'ฟุตบอลเพื่อสุขภาพ', 1, 1),
('01175123', 'วอลเลย์บอลเพื่อสุขภาพ', 1, 1),
('01175124', 'แฮนด์บอลเพื่อสุขภาพ', 1, 1),
('01175125', 'ซอฟท์บอลเพื่อสุขภาพ', 1, 1),
('01175126', 'ตระกร้อเพื่อสุขภาพ', 1, 1),
('01175127', 'ฮอกกี้เพื่อสุขภาพ', 1, 1),
('01175128', 'รักบี้ฟุตบอลเพื่อสุขภาพ', 1, 1),
('01175129', 'ฟุตซอลเพื่อสุขภาพ', 1, 1),
('01175131', 'ว่ายน้ำเพื่อสุขภาพ', 1, 1),
('01175133', 'กระโดดน้ำ', 1, 1),
('01175134', 'โปโลน้ำ', 1, 1),
('01175141', 'การเต้นแอโรบิกเพื่อสุขภาพ', 1, 1),
('01175142', 'การเต้นรำพื้นเมืองเพื่อสุขภาพ', 1, 1),
('01175143', 'การเต้นลีลาศเมืองเพื่อสุขภาพ', 1, 1),
('01175144', 'รำไทยเพื่อสุขภาพ', 1, 1),
('01175151', 'ศิลปะการป้องกันตัวและการต่อสู้ด้วยดาบไทย', 1, 1),
('01175152', 'ศิลปะการป้องกันตัวและการต่อสู้ด้วยดาบสากล', 1, 1),
('01175153', 'ศิลปะการป้องกันตัวและการต่อสู้ด้วยมวยไทย', 1, 1),
('01175154', 'ศิลปะการป้องกันตัวและการต่อสู้ด้วยมวยสากล', 1, 1),
('01175155', 'ศิลปะการป้องกันตัวและการต่อสู้ด้วยยูโด', 1, 1),
('01175156', 'ศิลปะการป้องกันตัวและการต่อสู้ด้วยไอคิโด', 1, 1),
('01175157', 'ศิลปะการป้องกันตัวและการต่อสู้ด้วยกระบี่กระบอง', 1, 1),
('01175159', 'ศิลปะการป้องกันตัวและการต่อสู้ด้วยคาราเต้', 1, 1),
('01175161', 'ฝึกสมองด้วยการเล่นบริดจ์', 1, 1),
('01175162', 'โบว์ลิ่งเพื่อสุขภาพ', 1, 1),
('01175163', 'กอล์ฟเพื่อสุขภาพ', 1, 1),
('01175164', 'จักรยานเพื่อสุขภาพ', 1, 1),
('01175165', 'การฝึกด้วยน้ำหนักเพื่อสุขภาพ', 1, 1),
('01175166', 'ศิลปะการป้องกันตัวและการต่อสู้ด้วยเทควันโด', 1, 1),
('01175167', 'โยคะเพื่อสุขภาพ', 1, 1),
('01175168', 'การวิ่งเหยาะเพื่อสุขภาพ', 1, 1),
('01175169', 'การออกกำลังกายเพื่อพัฒนาสุขภาพแบบองค์รวม', 1, 1),
('01176141', 'การวางแผนชีวิตและอาชีพสำหรับคนรุ่นใหม่', 2, 1),
('01177141', 'การแสวงหาความรู้', 3, 2),
('01200101', 'การคิดเชิงนวัตกรรม', 3, 2),
('01240011', 'การออกแบบในชีวิตประจําวัน', 3, 5),
('01242001', 'การออกแบบและธุรกิจผลิตภัณฑ์แนวสร้างสรรค์', 3, 2),
('01244101', 'การออกแบบเพื่อความเป็นอยู่ที่ดี', 3, 5),
('01255101', 'มนุษย์กับทะเล', 3, 5),
('01301101', 'การอนุรักษ์ทรัพยากรและสิ่งแวดล้อม', 3, 4),
('01308101', 'การท่องเที่ยวทางธรรมชาติอย่างยั่งยืน', 3, 5),
('01350102', 'เล่าเรื่องด้วยภาพ', 3, 5),
('01350103', 'ชีวิตยืดหยุ่นได้', 3, 1),
('01350104', 'ศิลปะการอ่านคน', 3, 4),
('01354101', 'ภาษาเขมรเพื่อการสื่อสาร I', 3, 3),
('01354102', 'ภาษาเขมรเพื่อการสื่อสาร II', 3, 3),
('01354103', 'ภาษาเขมรเพื่อการสื่อสาร III', 3, 3),
('01355101', 'ภาษาอังกฤษในชีวิตประจําวัน', 3, 3),
('01355102', 'ภาษาอังกฤษในมหาวิทยาลัย', 3, 3),
('01355103', 'ภาษาอังกฤษเพื่อโอกาสในการทํางาน', 3, 3),
('01355104', 'ภาษาอังกฤษสําหรับนิสิตเตรียมแพทย์ I', 3, 3),
('01355105', 'ภาษาอังกฤษสําหรับนิสิตเตรียมแพทย์ II', 3, 3),
('01355106', 'การสื่อสารภาษาอังกฤษทางการแพทย์', 3, 3),
('01355107', 'ทักษะการเขียนภาษาอังกฤษที่จําเป็น', 3, 3),
('01355108', 'ภาษาอังกฤษและวัฒนธรรมจากเพลง', 3, 3),
('01355109', 'ทักษะการฟัง-การพูดภาษาอังกฤษที่จําเป็น', 3, 3),
('01355119', 'ทักษะการอ่านภาษาอังกฤษที่จําเป็น', 3, 3),
('01355121', 'คําและการออกเสียงในภาษาอังกฤษ', 3, 3),
('01355201', 'การอ่านและเขียนภาษาอังกฤษอย่างมีวิจารณญาณ', 3, 3),
('01355202', 'การเขียนรายงานภาษาอังกฤษ', 3, 3),
('01355203', 'โครงสร้างภาษาอังกฤษ', 3, 3),
('01355204', 'การนําเสนอโครงงานเป็นภาษาอังกฤษ', 3, 3),
('01355205', 'การอ่านภาษาอังกฤษด้านสื่อสารมวลชน', 3, 3),
('01355206', 'ภาษาอังกฤษวิชาการ', 3, 3),
('01355207', 'การเขียนโต้ตอบภาษาอังกฤษ', 3, 3),
('01355208', 'การพัฒนาทักษะภาษาอังกฤษผ่านเกม', 3, 3),
('01355209', 'ภาษาอังกฤษเพื่อการสื่อสารในงานอาชีพ', 3, 3),
('01355303', 'ภาษาอังกฤษเพื่อการสมัครงาน', 3, 3),
('01355307', 'ทักษะรวมภาษาอังกฤษเพื่อการสื่อสาร', 3, 3),
('01356101', 'ภาษาฝรั่งเศสเบื้องต้น I', 3, 3),
('01356102', 'ภาษาฝรั่งเศสเบื้องต้น II', 3, 3),
('01356103', 'ภาษาฝรั่งเศสเบื้องต้น III', 3, 3),
('01356104', 'ภาษาฝรั่งเศสเบื้องต้น IV', 3, 3),
('01357101', 'ภาษาเยอรมันเบื้องต้น I', 3, 3),
('01357102', 'ภาษาเยอรมันเบื้องต้น II', 3, 3),
('01357103', 'ภาษาเยอรมันเบื้องต้น III', 3, 3),
('01357104', 'ภาษาเยอรมันเบื้องต้น IV', 3, 3),
('01358101', 'ภาษาญี่ปุ่นเบื้องต้น I', 3, 3),
('01358102', 'ภาษาญี่ปุ่นเบื้องต้น II', 3, 3),
('01358103', 'ภาษาญี่ปุ่นเบื้องต้น III', 3, 3),
('01358104', 'ภาษาญี่ปุ่นเบื้องต้น IV', 3, 3),
('01361101', 'การใช้ภาษาไทยเบื้องต้น', 3, 3),
('01361102', 'การเขียนภาษาไทยเชิงปฏิบัติ', 3, 3),
('01361103', 'การอ่านภาษาไทยเชิงวิจารณ์', 3, 3),
('01362101', 'ภาษาจีน I', 3, 3),
('01362102', 'ภาษาจีน II', 3, 3),
('01362201', 'ภาษาจีน III', 3, 3),
('01362202', 'ภาษาจีน IV', 3, 3),
('01362301', 'ภาษาจีน V', 3, 3),
('01371111', 'สื่อสารสนเทศเพื่อการเรียนรู้', 1, 3),
('01387101', 'ศิลปะการอยู่ร่วมกับผู้อื่น', 3, 1),
('01387102', 'ปรัชญาสําหรับชีวิตยุคใหม่', 3, 5),
('01387103', 'ปรัชญาเศรษฐกิจพอเพียงกับพุทธศาสนา', 3, 1),
('01387105', 'พุทธจริยศาสตร์ในการดําเนินธุรกิจ', 3, 2),
('01390102', 'การท่องเที่ยวเชิงสร้างสรรค์', 3, 4),
('01390103', 'การท่องเที่ยวเพื่อความผาสุก', 3, 1),
('01390104', 'การพัฒนาบุคลิกภาพเพื่อการเป็นผู้ประกอบการสมัยใหม่', 3, 2),
('01395101', 'ภาษาเกาหลีเพื่อการสื่อสาร I', 3, 3),
('01395102', 'ภาษาเกาหลีเพื่อการสื่อสาร II', 3, 3),
('01395103', 'ภาษาเกาหลีเพื่อการสื่อสาร III', 3, 3),
('01395104', 'ภาษาเกาหลีเพื่อการสื่อสาร IV', 3, 3),
('01395105', 'การอ่านและรายงานภาษาเกาหลี', 3, 3),
('01399101', 'ภาษาเวียดนามเพื่อการสื่อสาร I', 3, 3),
('01399102', 'ภาษาเวียดนามเพื่อการสื่อสาร II', 3, 3),
('01399103', 'ภาษาเวียดนามเพื่อการสื่อสาร III', 3, 3),
('01399104', 'ภาษาเวียดนามเพื่อการสื่อสาร IV', 3, 3),
('01399105', 'การอ่านภาษาเวียดนาม', 3, 3),
('01399106', 'การฟัง-พูดภาษาเวียดนาม', 3, 3),
('01401201', 'พืชเพื่อการสร้างคุณค่าชีวิต', 3, 5),
('01402101', 'การรู้เท่าทันผลิตภัณฑ์เสริมความงาม', 3, 1),
('01416101', 'พันธุศาสตร์ในสื่อ', 3, 1),
('01417111', 'แคลคูลัส I', 3, 6),
('01418101', 'การใช้งานคอมพิวเตอร์', 3, 3),
('01418102', 'เทคโนโลยีสารสนเทศเพื่อผู้ประกอบการ', 3, 2),
('01418103', 'สุขภาพและสังคมดิจิทัล', 2, 1),
('01418104', 'รู้ทันไอที', 3, 3),
('01418105', 'ศิลปะสร้างสรรค์ดิจิทัล', 3, 5),
('01418106', 'ทักษะเทคโนโลยีดิจิทัล', 3, 3),
('01420201', 'อัญมณีและเครื่องประดับ', 3, 5),
('01421201', 'รังสี ชีวิต และสิ่งแวดล้อม', 2, 1),
('01453101', 'สิทธิขั้นพื้นฐาน', 3, 4),
('01453102', 'กฎหมายในชีวิตประจําวัน', 3, 1),
('01453103', 'กฎหมายสําหรับผู้ประกอบการใหม่', 3, 2),
('01455101', 'การเมืองโลกในชีวิตประจําวัน', 3, 4),
('01459101', 'จิตวิทยาเพื่อชีวิตสมัยใหม่', 3, 1),
('01459102', 'จิตวิทยากับความหลากหลายของมนุษย์', 3, 1),
('01460101', 'สังคมและวัฒนธรรมไทยร่วมสมัย', 3, 4),
('01999011', 'อาหารเพื่อมนุษยชาติ', 3, 1),
('01999012', 'สุขภาพเพื่อชีวิต', 3, 1),
('01999013', 'พลเมืองดิจิทัล', 3, 4),
('01999021', 'ภาษาไทยเพื่อการสื่อสาร', 3, 3),
('01999022', 'ภาษาไทยในบริบทวัฒนธรรม', 3, 3),
('01999023', 'ทักษะความเข้าใจและใช้เทคโนโลยีดิจิทัล', 3, 3),
('01999031', 'มรดกอารยธรรมโลก', 3, 4),
('01999032', 'ไทยศึกษา', 3, 4),
('01999033', 'ศิลปะการดําเนินชีวิต', 3, 1),
('01999034', 'ศิลปวิจักษณ์', 3, 5),
('01999035', 'วัฒนธรรมดนตรีกับชีวิต', 3, 5),
('01999036', 'ความสุขในพลวัตของชีวิต', 3, 1),
('01999041', 'เศรษฐศาสตร์เพื่อการดําเนินชีวิตที่ดี', 3, 2),
('01999043', 'การคิดสร้างสรรค์เพื่อการจัดการคุณค่า', 3, 2),
('01999046', 'การพัฒนาความมั่นคงแห่งชาติ', 3, 4),
('01999047', 'การทหารเพื่อการพัฒนาประเทศ', 3, 4),
('01999048', 'นวัตกรรมเพื่อสิ่งแวดล้อมและสุขภาวะ', 3, 1),
('01999051', 'การพัฒนาสมรรถนะหลักผ่านสุขภาพหนึ่งเดียว', 2, 1),
('01999111', 'ศาสตร์แห่งแผ่นดิน', 2, 4),
('01999112', 'แนวคิดเศรษฐกิจหมุนเวียนเพื่อความยั่งยืน', 3, 2),
('01999141', 'มนุษย์กับสังคม', 3, 4),
('01999213', 'สิ่งแวดล้อม เทคโนโลยีและชีวิต', 3, 1),
('02032303', 'การเกษตรกับคุณภาพชีวิตที่ดี', 3, 1),
('02032304', 'เกษตรเพื่อโลกสีเขียว', 2, 1),
('02701011', 'การใช้ภาษาไทยเพื่อธุรกิจ วิทยาศาสตร์และเทคโนโลยี', 3, 3),
('02708102', 'วรรณกรรมกับวิทยาศาสตร์', 3, 5),
('02714101', 'การคิดเชิงวิพากษ์และการแก้ปัญหา', 3, 2),
('02717011', 'ตนและการพัฒนาตน', 3, 1),
('02717112', 'การเมืองไทยร่วมสมัย', 3, 4),
('02721101', 'ความรู้เบื้องต้นเกี่ยวกับธุรกิจ', 3, 6),
('02721121', 'การจัดการธุรกิจเพื่อสังคมที่ยั่งยืน', 3, 2),
('02724011', 'การสื่อสารระหว่างวัฒนธรรม', 3, 3),
('02724012', 'การพัฒนาบุคลิกภาพ', 3, 1),
('02727104', 'สิ่งมีชีวิตกับภัยพิบัติทางธรรมชาติ ', 3, 1),
('02728101', 'เคมีในชีวิตสมัยใหม่', 3, 1),
('02728102', 'สารสีในงานศิลปะ', 3, 5),
('02738473', 'การประยุกต์คอมพิวเตอร์ทางวิทยาศาสตร์ชีวภาพ', 3, 1),
('02739111', 'คอมพิวเตอร์และระบบสารสนเทศ', 3, 6),
('02739112', 'หลักการเขียนโปรแกรม', 3, 6),
('02739141', 'กฎหมายเทคโนโลยีสารสนเทศ', 3, 6),
('02739161', 'คณิตศาสตร์และสถิติสำหรับเทคโนโลยีสารสนเทศ', 3, 6),
('02739211', 'การเขียนโปรแกรมคอมพิวเตอร์', 3, 6),
('02739212', 'หลักการเขียนโปรแกรมเชิงวัตถุ', 3, 6),
('02739221', 'ระบบฐานข้อมูล', 3, 6),
('02739231', 'โครงสร้างข้อมูล', 3, 6),
('02739232', 'สถาปัตยกรรมระบบสารสนเทศเบื้องต้น', 3, 6),
('02739241', 'เทคโนโลยีอินเทอร์เน็ต', 3, 6),
('02739242', 'ความรู้เบื้องต้นเกี่ยวกับวิทยาการข้อมูล', 3, 6),
('02739243', 'นวัตกรรมและการแปรรูปทางดิจิทัล', 3, 6),
('02739311', 'ระบบฝังตัวเบื้องต้น', 3, 6),
('02739312', 'การโปรแกรมบนอินเทอร์เน็ต', 3, 6),
('02739321', 'วิศวกรรมซอฟต์แวร์', 3, 6),
('02739322', 'การวิเคราะห์และออกแบบระบบสารสนเทศ', 3, 6),
('02739323', 'อันตรกิริยาระหว่างมนุษย์กับคอมพิวเตอร์', 3, 6),
('02739324', 'การออกแบบและพัฒนาเกมคอมพิวเตอร์', 3, 6),
('02739325', 'การประมวลผลสัญญาณและภาพดิจิทัล', 3, 6),
('02739326', 'การออกแบบกระบวนการทางธุรกิจและการพัฒนาระบบการวางแผนทรัพยากรองค์กร', 3, 6),
('02739327', 'ฐานข้อมูลภาคปฏิบัติการขั้นสูง', 1, 6),
('02739331', 'ระบบปฏิบัติการและซอฟต์แวร์ระบบ', 3, 6),
('02739341', 'ปัญญาประดิษฐ์เบื้องต้น', 3, 6),
('02739342', 'การพัฒนาโปรแกรมประยุกต์สำหรับอุปกรณ์เคลื่อนที่', 3, 6),
('02739343', 'ภาพสามมิติและภาพเคลื่อนไหว', 3, 6),
('02739344', 'เทคโนโลยีสื่อผสม', 3, 6),
('02739345', 'คอมพิวเตอร์กราฟิกสำหรับงานสารสนเทศ', 3, 6),
('02739351', 'การสื่อสารข้อมูลและเครือข่ายคอมพิวเตอร์', 3, 6),
('02739352', 'การประกันและความมั่นคงสารสนเทศ', 3, 6),
('02739353', 'การจัดการเทคโนโลยีสารสนเทศ', 3, 6),
('02739354', 'การออกแบบและพัฒนาระบบอินเทอร์เน็ตของสรรพสิ่ง', 3, 6),
('02739391', 'ระเบียบวิธีวิจัยพื้นฐานทางเทคโนโลยีสารสนเทศ', 1, 6),
('02739397', 'สัมมนา', 1, 6),
('02739421', 'การวิเคราะห์และออกแบบเชิงวัตถุ', 3, 6),
('02739431', 'การเรียนรู้ของเครื่องจักร', 3, 6),
('02739432', 'เทคโนโลยีเหมืองข้อมูลและการประยุกต์', 3, 6),
('02739433', 'เทคโนโลยีความเป็นจริงเสริม', 3, 6),
('02739441', 'การประยุกต์ทางด้านวิทยาการข้อมูล', 3, 6),
('02739451', 'การบริหารเครือข่าย', 3, 6),
('02739452', 'แพลตฟอร์มข้อมูลขนาดใหญ่และการวิเคราะห์-', 3, 6),
('02739490', 'สหกิจศึกษา', 6, 6),
('02739496', 'เรื่องเฉพาะทางเทคโนโลยีสารสนเทศ', 3, 6),
('02739498', 'ปัญหาพิเศษ', 3, 6),
('02739499', 'โครงงานทางด้านเทคโนโลยีสารสนเทศ', 3, 6),
('02999037', 'ศิลปะแห่งสุนทรียศาสตร์เพื่อความสุข', 3, 5),
('02999038', 'ความสุขในศตวรรษที่ 21 ', 3, 1),
('02999042', 'การพัฒนานิสิต', 3, 4),
('02999044', 'เศรษฐกิจพอเพียงเพื่อการดํารงชีวิต', 3, 1),
('02999045', 'การเพิ่มคุณค่าชีวิตด้วยวิถีชุมชน', 3, 1),
('02999144', 'ทักษะชีวิตการเป็นนิสิตมหาวิทยาลัย', 1, 4),
('02999147', 'ไทยในพลวัตอาเซียน', 3, 4),
('03521101', 'ทะเลกับชีวิต', 3, 1),
('03600012', 'เทคโนโลยีสีเขียว', 3, 5),
('03600013', 'เครื่องมือและทักษะทางคอมพิวเตอร์ที่จําเป็น', 3, 3),
('03600014', 'การแก้ปัญหาเชิงสร้างสรรค์และทักษะการคิดเชิงวิพากษ์', 3, 2),
('03654111', 'สุนทรียศาสตร์ทางการกีฬา', 3, 5),
('03654112', 'สมุนไพรไทยให้คุณ', 3, 1),
('03654113', 'กิจกรรมทางกายเพื่อชีวิตสมัยใหม่', 3, 1),
('03654114', 'โมบายแอปพลิเคชันสําหรับชีวิตยุคใหม่', 3, 1),
('03751111', 'มนุษย์กับสิ่งแวดล้อม', 3, 4),
('03751112', 'สังคมและการเมือง', 3, 4),
('03752111', 'ทรัพยากรสารสนเทศเพื่อการค้นคว้า', 3, 3),
('03754221', 'การออกเสียงภาษาอังกฤษขั้นพื้นฐาน', 3, 3),
('03754231', 'การอ่านภาษาอังกฤษในชีวิตประจําวัน', 3, 3),
('03754241', ' โครงสร้างทางไวยากรณ์ภาษาอังกฤษ', 3, 3),
('03754251', 'การเขียนย่อหน้าภาษาอังกฤษ', 3, 3),
('03754271', 'ภาษาอังกฤษเพื่องานอาชีพ', 3, 3),
('03757123', 'คณิตศาสตร์สําหรับธุรกิจ', 3, 2),
('04101201', 'วิถีชีวิตเศรษฐกิจพอเพียง', 3, 1),
('04101302', 'จิตอาสาเพื่อพัฒนาชุมชน', 3, 4),
('04355181', 'กิจกรรมยามว่างเพื่อสุขภาพ', 3, 1),
('04355185', 'จานร่อนเพื่อสุขภาพ', 1, 1),
('04837111', 'กีฬาเพื่อสุขภาพที่ดี', 1, 1);

-- --------------------------------------------------------

--
-- Table structure for table `student`
--

CREATE TABLE `student` (
  `StudentID` varchar(255) NOT NULL,
  `Email` varchar(255) DEFAULT NULL,
  `Password` varchar(255) DEFAULT NULL,
  `f_name` varchar(255) DEFAULT NULL,
  `l_name` varchar(255) DEFAULT NULL,
  `Marjor` varchar(255) DEFAULT NULL,
  `Faculty` varchar(255) DEFAULT NULL
) ENGINE=InnoDB DEFAULT CHARSET=utf8 COLLATE=utf8_general_ci;

--
-- Dumping data for table `student`
--

INSERT INTO `student` (`StudentID`, `Email`, `Password`, `f_name`, `l_name`, `Marjor`, `Faculty`) VALUES
('555555555a', 'a', 'aaaa', 'เมทิต', 'จันทฤทธิ์', 'it', 'AS'),
('55641612', 'b', 'b', 'LasStamp', 'Channel', 'it', 'AS'),
('6421605508', 'mathit.j@ku.th', '0822940494Za-', 'เมทิต', 'จันทฤทธิ์', 'it', 'AS'),
('642160550855', 'Boatseed159@gmail.com', 'awdawd', 'awdawd', 'awdawdawd', 'it', 'AS');

-- --------------------------------------------------------

--
-- Table structure for table `subjectregistrations`
--

CREATE TABLE `subjectregistrations` (
  `EnrollmentID` int(11) NOT NULL,
  `StudentID` varchar(255) DEFAULT NULL,
  `CourseID` varchar(255) DEFAULT NULL,
  `Semester` varchar(50) DEFAULT NULL
) ENGINE=InnoDB DEFAULT CHARSET=utf8 COLLATE=utf8_general_ci;

--
-- Indexes for dumped tables
--

--
-- Indexes for table `categories`
--
ALTER TABLE `categories`
  ADD PRIMARY KEY (`CategoryID`);

--
-- Indexes for table `courses`
--
ALTER TABLE `courses`
  ADD PRIMARY KEY (`CourseID`),
  ADD KEY `CategoryID` (`CategoryID`);

--
-- Indexes for table `student`
--
ALTER TABLE `student`
  ADD PRIMARY KEY (`StudentID`);

--
-- Indexes for table `subjectregistrations`
--
ALTER TABLE `subjectregistrations`
  ADD PRIMARY KEY (`EnrollmentID`),
  ADD KEY `StudentID` (`StudentID`),
  ADD KEY `fk_course_id` (`CourseID`);

--
-- AUTO_INCREMENT for dumped tables
--

--
-- AUTO_INCREMENT for table `subjectregistrations`
--
ALTER TABLE `subjectregistrations`
  MODIFY `EnrollmentID` int(11) NOT NULL AUTO_INCREMENT, AUTO_INCREMENT=121;

--
-- Constraints for dumped tables
--

--
-- Constraints for table `courses`
--
ALTER TABLE `courses`
  ADD CONSTRAINT `courses_ibfk_1` FOREIGN KEY (`CategoryID`) REFERENCES `categories` (`CategoryID`);

--
-- Constraints for table `subjectregistrations`
--
ALTER TABLE `subjectregistrations`
  ADD CONSTRAINT `fk_course_id` FOREIGN KEY (`CourseID`) REFERENCES `courses` (`CourseID`),
  ADD CONSTRAINT `subjectregistrations_ibfk_1` FOREIGN KEY (`StudentID`) REFERENCES `student` (`StudentID`);
COMMIT;

/*!40101 SET CHARACTER_SET_CLIENT=@OLD_CHARACTER_SET_CLIENT */;
/*!40101 SET CHARACTER_SET_RESULTS=@OLD_CHARACTER_SET_RESULTS */;
/*!40101 SET COLLATION_CONNECTION=@OLD_COLLATION_CONNECTION */;
